{"0": {"train": {"acc": 30.582, "loss": 0.3680729913711548}, "test": {"acc": 39.92, "loss": 0.3281921684741974}}, "1": {"train": {"acc": 46.046, "loss": 0.28555200338363645}, "test": {"acc": 51.38, "loss": 0.2709014248847961}}, "2": {"train": {"acc": 55.652, "loss": 0.23985177779197692}, "test": {"acc": 58.84, "loss": 0.2356562101840973}}, "3": {"train": {"acc": 62.718, "loss": 0.20412603402137755}, "test": {"acc": 65.34, "loss": 0.20500319302082062}}, "4": {"train": {"acc": 67.86, "loss": 0.17687322473526002}, "test": {"acc": 70.16, "loss": 0.17095900654792787}}, "5": {"train": {"acc": 71.25, "loss": 0.15954495656490325}, "test": {"acc": 71.24, "loss": 0.1655569589138031}}, "6": {"train": {"acc": 73.986, "loss": 0.14379111993312835}, "test": {"acc": 74.06, "loss": 0.1522834277153015}}, "7": {"train": {"acc": 76.896, "loss": 0.12889907479286195}, "test": {"acc": 75.76, "loss": 0.1427832907438278}}, "8": {"train": {"acc": 79.158, "loss": 0.11680895376205444}, "test": {"acc": 78.32, "loss": 0.13080414474010468}}, "9": {"train": {"acc": 80.862, "loss": 0.10636893904209137}, "test": {"acc": 79.67, "loss": 0.12079965174198151}}, "10": {"train": {"acc": 82.588, "loss": 0.09778090560436249}, "test": {"acc": 79.33, "loss": 0.12621550798416137}}, "11": {"train": {"acc": 84.284, "loss": 0.08850702917575837}, "test": {"acc": 81.81, "loss": 0.10872420758008956}}, "12": {"train": {"acc": 85.162, "loss": 0.08277135717868805}, "test": {"acc": 81.78, "loss": 0.11025523751974106}}, "13": {"train": {"acc": 86.054, "loss": 0.07775748240947723}, "test": {"acc": 80.37, "loss": 0.12317954063415527}}, "14": {"train": {"acc": 87.236, "loss": 0.07193568837642669}, "test": {"acc": 84.32, "loss": 0.09873476177453995}}, "15": {"train": {"acc": 87.84, "loss": 0.06785011184215546}, "test": {"acc": 85.82, "loss": 0.0868733447790146}}, "16": {"train": {"acc": 88.686, "loss": 0.06320218625664711}, "test": {"acc": 86.35, "loss": 0.08506420016288757}}, "17": {"train": {"acc": 89.342, "loss": 0.059388842910528185}, "test": {"acc": 86.2, "loss": 0.08742421507835388}}, "18": {"train": {"acc": 89.974, "loss": 0.05596884614229202}, "test": {"acc": 86.86, "loss": 0.0824594271183014}}, "19": {"train": {"acc": 90.494, "loss": 0.05270228517055511}, "test": {"acc": 87.17, "loss": 0.08427867740392685}}, "20": {"train": {"acc": 91.17, "loss": 0.04916555431485176}, "test": {"acc": 87.0, "loss": 0.08624314606189727}}, "21": {"train": {"acc": 91.54, "loss": 0.047219393581151965}, "test": {"acc": 87.62, "loss": 0.08324164628982544}}, "22": {"train": {"acc": 91.814, "loss": 0.045054357916116713}, "test": {"acc": 87.79, "loss": 0.07849656254053115}}, "23": {"train": {"acc": 92.354, "loss": 0.04150156444311142}, "test": {"acc": 87.22, "loss": 0.08619807124137878}}, "24": {"train": {"acc": 93.024, "loss": 0.038791601300239564}, "test": {"acc": 86.68, "loss": 0.09422637730836868}}, "25": {"train": {"acc": 93.092, "loss": 0.03819726860523224}, "test": {"acc": 88.53, "loss": 0.07842675149440766}}, "26": {"train": {"acc": 93.658, "loss": 0.03512615355849266}, "test": {"acc": 87.47, "loss": 0.08767396718263626}}, "27": {"train": {"acc": 93.87, "loss": 0.03383631509542465}, "test": {"acc": 88.5, "loss": 0.08069102376699448}}, "28": {"train": {"acc": 94.514, "loss": 0.030937390103936195}, "test": {"acc": 87.1, "loss": 0.09817506521940231}}, "29": {"train": {"acc": 94.526, "loss": 0.03052119329571724}, "test": {"acc": 88.5, "loss": 0.08655054450035095}}, "30": {"train": {"acc": 95.042, "loss": 0.027537252217531203}, "test": {"acc": 89.26, "loss": 0.08074621111154556}}, "31": {"train": {"acc": 95.046, "loss": 0.026929678365588187}, "test": {"acc": 88.59, "loss": 0.08797411739826203}}, "32": {"train": {"acc": 95.604, "loss": 0.024690163806080818}, "test": {"acc": 89.23, "loss": 0.08296957820653915}}, "33": {"train": {"acc": 95.974, "loss": 0.022564611926674843}, "test": {"acc": 89.86, "loss": 0.07861248761415482}}, "34": {"train": {"acc": 95.818, "loss": 0.022945175245404244}, "test": {"acc": 89.33, "loss": 0.08203916639089584}}, "35": {"train": {"acc": 96.254, "loss": 0.020690968334674834}, "test": {"acc": 89.13, "loss": 0.08777123928070069}}, "36": {"train": {"acc": 96.326, "loss": 0.02060814057290554}, "test": {"acc": 89.71, "loss": 0.08099713653326035}}, "37": {"train": {"acc": 96.722, "loss": 0.01828397934883833}, "test": {"acc": 89.74, "loss": 0.08095073044300079}}, "38": {"train": {"acc": 96.906, "loss": 0.017062818661332132}, "test": {"acc": 89.56, "loss": 0.08788586586713791}}, "39": {"train": {"acc": 96.84, "loss": 0.017864665612578393}, "test": {"acc": 90.3, "loss": 0.07925827294588089}}, "40": {"train": {"acc": 97.21, "loss": 0.01532571928203106}, "test": {"acc": 89.79, "loss": 0.0854311427474022}}, "41": {"train": {"acc": 97.444, "loss": 0.014557229302823544}, "test": {"acc": 89.51, "loss": 0.08971807539463043}}, "42": {"train": {"acc": 97.262, "loss": 0.015418129093945026}, "test": {"acc": 89.7, "loss": 0.08842050611972808}}, "43": {"train": {"acc": 97.622, "loss": 0.013430719621479511}, "test": {"acc": 89.63, "loss": 0.08975817620754242}}, "44": {"train": {"acc": 97.712, "loss": 0.013249007642269134}, "test": {"acc": 90.6, "loss": 0.08487270444631577}}, "45": {"train": {"acc": 97.73, "loss": 0.012744650729000568}, "test": {"acc": 90.5, "loss": 0.08387906551361084}}, "46": {"train": {"acc": 97.986, "loss": 0.01144297368824482}, "test": {"acc": 90.37, "loss": 0.08500835031270981}}, "47": {"train": {"acc": 97.948, "loss": 0.011625335149466991}, "test": {"acc": 90.43, "loss": 0.08634389847517014}}, "48": {"train": {"acc": 98.192, "loss": 0.010178392097353935}, "test": {"acc": 90.35, "loss": 0.08671006351709366}}, "49": {"train": {"acc": 98.238, "loss": 0.009885617334395648}, "test": {"acc": 90.0, "loss": 0.09057761311531067}}, "50": {"train": {"acc": 98.28, "loss": 0.010003837298601865}, "test": {"acc": 90.78, "loss": 0.0846462032198906}}}