{"0": {"train": {"acc": 34.694, "loss": 0.3496479938030243}, "test": {"acc": 39.67, "loss": 0.3582081413269043}}, "1": {"train": {"acc": 52.28, "loss": 0.2559889187812805}, "test": {"acc": 51.39, "loss": 0.2758790612220764}}, "2": {"train": {"acc": 62.016, "loss": 0.20656362462043762}, "test": {"acc": 58.19, "loss": 0.24679434299468994}}, "3": {"train": {"acc": 67.768, "loss": 0.17695912039279937}, "test": {"acc": 63.69, "loss": 0.21948668956756592}}, "4": {"train": {"acc": 71.648, "loss": 0.15640012609958648}, "test": {"acc": 76.79, "loss": 0.13290123522281647}}, "5": {"train": {"acc": 75.724, "loss": 0.13573190212249756}, "test": {"acc": 75.2, "loss": 0.15553947806358337}}, "6": {"train": {"acc": 78.686, "loss": 0.11965425610542298}, "test": {"acc": 75.52, "loss": 0.14792896747589113}}, "7": {"train": {"acc": 80.484, "loss": 0.10925357055664063}, "test": {"acc": 73.62, "loss": 0.15693718314170838}}, "8": {"train": {"acc": 82.322, "loss": 0.09879146695137024}, "test": {"acc": 78.42, "loss": 0.13445015668869018}}, "9": {"train": {"acc": 83.742, "loss": 0.09104554003477097}, "test": {"acc": 83.36, "loss": 0.09852543920278549}}, "10": {"train": {"acc": 85.124, "loss": 0.08365157634019851}, "test": {"acc": 76.73, "loss": 0.1485241734981537}}, "11": {"train": {"acc": 86.17, "loss": 0.07749807238578796}, "test": {"acc": 84.84, "loss": 0.09170419245958328}}, "12": {"train": {"acc": 87.034, "loss": 0.07290767711400986}, "test": {"acc": 81.24, "loss": 0.12125618755817413}}, "13": {"train": {"acc": 87.986, "loss": 0.067403873950243}, "test": {"acc": 84.04, "loss": 0.10339325368404388}}, "14": {"train": {"acc": 88.922, "loss": 0.06235896855592728}, "test": {"acc": 87.72, "loss": 0.0766245824098587}}, "15": {"train": {"acc": 89.446, "loss": 0.05915138432383537}, "test": {"acc": 85.94, "loss": 0.0881230553984642}}, "16": {"train": {"acc": 90.036, "loss": 0.056047349214553836}, "test": {"acc": 87.52, "loss": 0.0780430281162262}}, "17": {"train": {"acc": 90.402, "loss": 0.05390364995598793}, "test": {"acc": 84.83, "loss": 0.100279221534729}}, "18": {"train": {"acc": 91.246, "loss": 0.04855734959244728}, "test": {"acc": 86.69, "loss": 0.08733503222465515}}, "19": {"train": {"acc": 91.644, "loss": 0.045974977493286134}, "test": {"acc": 88.86, "loss": 0.07060802280902863}}, "20": {"train": {"acc": 91.934, "loss": 0.045260243624448776}, "test": {"acc": 87.94, "loss": 0.07769939035177231}}, "21": {"train": {"acc": 92.496, "loss": 0.04129956665635109}, "test": {"acc": 88.0, "loss": 0.08000105679035187}}, "22": {"train": {"acc": 92.944, "loss": 0.039327418476343155}, "test": {"acc": 86.61, "loss": 0.09202550649642945}}, "23": {"train": {"acc": 93.118, "loss": 0.03783717539906502}, "test": {"acc": 85.87, "loss": 0.09786691665649414}}, "24": {"train": {"acc": 93.662, "loss": 0.03500615325570106}, "test": {"acc": 89.61, "loss": 0.07188019037246704}}, "25": {"train": {"acc": 93.84, "loss": 0.03339992855489254}, "test": {"acc": 86.91, "loss": 0.0940550485253334}}, "26": {"train": {"acc": 94.388, "loss": 0.031070903971791266}, "test": {"acc": 89.21, "loss": 0.07675124555826188}}, "27": {"train": {"acc": 94.47, "loss": 0.030632838681340216}, "test": {"acc": 86.16, "loss": 0.11008242547512054}}, "28": {"train": {"acc": 95.006, "loss": 0.028047729954123496}, "test": {"acc": 89.31, "loss": 0.07571762531995774}}, "29": {"train": {"acc": 95.22, "loss": 0.02662704285979271}, "test": {"acc": 90.23, "loss": 0.06866945117712021}}, "30": {"train": {"acc": 95.38, "loss": 0.025608278214931487}, "test": {"acc": 89.8, "loss": 0.07604209065437317}}, "31": {"train": {"acc": 95.82, "loss": 0.023421167828142644}, "test": {"acc": 89.37, "loss": 0.07832689225673675}}, "32": {"train": {"acc": 95.952, "loss": 0.021973537862300874}, "test": {"acc": 89.0, "loss": 0.08537476778030395}}, "33": {"train": {"acc": 96.118, "loss": 0.02171363304555416}, "test": {"acc": 89.92, "loss": 0.07822534054517746}}, "34": {"train": {"acc": 96.318, "loss": 0.020297074884176255}, "test": {"acc": 90.66, "loss": 0.07129080131649972}}, "35": {"train": {"acc": 96.67, "loss": 0.01882316640764475}, "test": {"acc": 89.75, "loss": 0.08571824222803116}}, "36": {"train": {"acc": 96.61, "loss": 0.018273322664201258}, "test": {"acc": 90.47, "loss": 0.07508368581533433}}, "37": {"train": {"acc": 96.52, "loss": 0.018660332925617695}, "test": {"acc": 88.52, "loss": 0.09073905050754547}}, "38": {"train": {"acc": 96.908, "loss": 0.01704033473134041}, "test": {"acc": 89.93, "loss": 0.08357150822877885}}, "39": {"train": {"acc": 96.972, "loss": 0.016616672821342944}, "test": {"acc": 90.95, "loss": 0.07406669750809669}}, "40": {"train": {"acc": 97.314, "loss": 0.014905862919986248}, "test": {"acc": 88.86, "loss": 0.09565392941236496}}, "41": {"train": {"acc": 97.406, "loss": 0.014259600244462491}, "test": {"acc": 90.76, "loss": 0.0755165433883667}}, "42": {"train": {"acc": 97.616, "loss": 0.013599376782774925}, "test": {"acc": 89.82, "loss": 0.08866274029016495}}, "43": {"train": {"acc": 97.62, "loss": 0.013711916826665402}, "test": {"acc": 89.75, "loss": 0.0857438775897026}}, "44": {"train": {"acc": 97.556, "loss": 0.013363172940909862}, "test": {"acc": 90.3, "loss": 0.08060533851385117}}, "45": {"train": {"acc": 98.048, "loss": 0.011414240453392267}, "test": {"acc": 90.61, "loss": 0.08543639779090881}}, "46": {"train": {"acc": 98.206, "loss": 0.01035227372124791}, "test": {"acc": 90.99, "loss": 0.08111958771944046}}, "47": {"train": {"acc": 98.0, "loss": 0.010861053850501776}, "test": {"acc": 90.41, "loss": 0.09344923555850983}}, "48": {"train": {"acc": 98.118, "loss": 0.010502438593655825}, "test": {"acc": 90.72, "loss": 0.08741164863109589}}, "49": {"train": {"acc": 98.284, "loss": 0.009600313642993569}, "test": {"acc": 91.26, "loss": 0.07745026379823684}}, "50": {"train": {"acc": 98.45, "loss": 0.00889195616170764}, "test": {"acc": 91.0, "loss": 0.08599340438842773}}}