{"0": {"train": {"acc": 47.696, "loss": 0.5593011071681976}, "test": {"acc": 57.29, "loss": 0.4774047428369522}}, "1": {"train": {"acc": 64.174, "loss": 0.39272701752185823}, "test": {"acc": 66.28, "loss": 0.3903200376033783}}, "2": {"train": {"acc": 71.236, "loss": 0.31884716629981996}, "test": {"acc": 72.5, "loss": 0.3246886956691742}}, "3": {"train": {"acc": 75.504, "loss": 0.2734681272506714}, "test": {"acc": 64.44, "loss": 0.43441929161548615}}, "4": {"train": {"acc": 78.226, "loss": 0.24436858302354814}, "test": {"acc": 80.56, "loss": 0.23074217051267623}}, "5": {"train": {"acc": 80.122, "loss": 0.2225935736298561}, "test": {"acc": 80.36, "loss": 0.23508581548929214}}, "6": {"train": {"acc": 81.75, "loss": 0.2050563052892685}, "test": {"acc": 81.72, "loss": 0.21289686024188995}}, "7": {"train": {"acc": 82.946, "loss": 0.19202136319875718}, "test": {"acc": 76.98, "loss": 0.27817281782627107}}, "8": {"train": {"acc": 84.186, "loss": 0.1792415497303009}, "test": {"acc": 78.02, "loss": 0.2706591656804085}}, "9": {"train": {"acc": 85.14, "loss": 0.16794135946035385}, "test": {"acc": 84.74, "loss": 0.17981278538703918}}, "10": {"train": {"acc": 85.944, "loss": 0.15812929254770278}, "test": {"acc": 84.82, "loss": 0.1883053919672966}}, "11": {"train": {"acc": 86.54, "loss": 0.15062483710050584}, "test": {"acc": 81.26, "loss": 0.2367543461918831}}, "12": {"train": {"acc": 87.304, "loss": 0.1413839631974697}, "test": {"acc": 85.48, "loss": 0.18020367085933686}}, "13": {"train": {"acc": 87.984, "loss": 0.1346977483332157}, "test": {"acc": 83.32, "loss": 0.21266026943922042}}, "14": {"train": {"acc": 88.376, "loss": 0.12992541149258613}, "test": {"acc": 87.57, "loss": 0.14566107884049415}}, "15": {"train": {"acc": 89.224, "loss": 0.12178534135222435}, "test": {"acc": 87.5, "loss": 0.15260713502764703}}, "16": {"train": {"acc": 89.324, "loss": 0.11821844702959061}, "test": {"acc": 84.76, "loss": 0.19271523952484132}}, "17": {"train": {"acc": 90.216, "loss": 0.1111633368730545}, "test": {"acc": 86.01, "loss": 0.1733449548482895}}, "18": {"train": {"acc": 90.348, "loss": 0.10831368944048882}, "test": {"acc": 85.45, "loss": 0.18876261740922928}}, "19": {"train": {"acc": 90.93, "loss": 0.10141268202662468}, "test": {"acc": 88.78, "loss": 0.1377091747522354}}, "20": {"train": {"acc": 91.186, "loss": 0.09906550359725952}, "test": {"acc": 87.05, "loss": 0.1626119926571846}}, "21": {"train": {"acc": 91.504, "loss": 0.09538995289802552}, "test": {"acc": 87.92, "loss": 0.15064535468816756}}, "22": {"train": {"acc": 91.948, "loss": 0.09032509192824363}, "test": {"acc": 85.58, "loss": 0.1945287875831127}}, "23": {"train": {"acc": 92.438, "loss": 0.08553035143017769}, "test": {"acc": 87.65, "loss": 0.16518575340509414}}, "24": {"train": {"acc": 92.3, "loss": 0.08552832645177841}, "test": {"acc": 88.95, "loss": 0.14126132667064667}}, "25": {"train": {"acc": 92.612, "loss": 0.08121578662097453}, "test": {"acc": 88.86, "loss": 0.14482196018099786}}, "26": {"train": {"acc": 93.152, "loss": 0.07652042092382907}, "test": {"acc": 88.54, "loss": 0.15177445456385613}}, "27": {"train": {"acc": 93.478, "loss": 0.07324087576568127}, "test": {"acc": 88.58, "loss": 0.1536284178495407}}, "28": {"train": {"acc": 93.55, "loss": 0.07187729048728943}, "test": {"acc": 87.78, "loss": 0.16953869678080083}}, "29": {"train": {"acc": 93.7, "loss": 0.07033181066811085}, "test": {"acc": 90.03, "loss": 0.13146661542356014}}, "30": {"train": {"acc": 94.01, "loss": 0.06612428504228592}, "test": {"acc": 89.62, "loss": 0.13819317579269408}}, "31": {"train": {"acc": 94.174, "loss": 0.06445753499865532}, "test": {"acc": 88.4, "loss": 0.16474197089672088}}, "32": {"train": {"acc": 94.53, "loss": 0.060380358800292015}, "test": {"acc": 88.26, "loss": 0.17397134199738504}}, "33": {"train": {"acc": 94.536, "loss": 0.06010716192424297}, "test": {"acc": 88.35, "loss": 0.1656942170858383}}, "34": {"train": {"acc": 94.746, "loss": 0.057759785875678066}, "test": {"acc": 90.29, "loss": 0.1340483620762825}}, "35": {"train": {"acc": 94.86, "loss": 0.05587718427181244}, "test": {"acc": 89.95, "loss": 0.14192431584000587}}, "36": {"train": {"acc": 95.258, "loss": 0.052266710221767425}, "test": {"acc": 90.17, "loss": 0.1415933522582054}}, "37": {"train": {"acc": 95.206, "loss": 0.05292176960408688}, "test": {"acc": 89.28, "loss": 0.16163717925548554}}, "38": {"train": {"acc": 95.468, "loss": 0.04979622382670641}, "test": {"acc": 88.47, "loss": 0.17231013774871826}}, "39": {"train": {"acc": 95.562, "loss": 0.04911092366278171}, "test": {"acc": 90.68, "loss": 0.1364630851149559}}, "40": {"train": {"acc": 95.734, "loss": 0.04686070216074586}, "test": {"acc": 90.35, "loss": 0.14216514259576798}}, "41": {"train": {"acc": 95.792, "loss": 0.04665329484641552}, "test": {"acc": 90.21, "loss": 0.15166541665792466}}, "42": {"train": {"acc": 95.974, "loss": 0.04456671172380448}, "test": {"acc": 90.18, "loss": 0.1616358096897602}}, "43": {"train": {"acc": 96.136, "loss": 0.04258942634612322}, "test": {"acc": 89.48, "loss": 0.16344865992665292}}, "44": {"train": {"acc": 96.086, "loss": 0.04300057474523783}, "test": {"acc": 90.89, "loss": 0.13870969727635385}}, "45": {"train": {"acc": 96.422, "loss": 0.03905780167877674}, "test": {"acc": 89.9, "loss": 0.15781389445066452}}, "46": {"train": {"acc": 96.354, "loss": 0.03939129500836134}, "test": {"acc": 89.79, "loss": 0.16173600777983665}}, "47": {"train": {"acc": 96.76, "loss": 0.03672349333018064}, "test": {"acc": 90.42, "loss": 0.16338448733091354}}, "48": {"train": {"acc": 96.708, "loss": 0.03674332769215107}, "test": {"acc": 88.96, "loss": 0.18506388381123542}}, "49": {"train": {"acc": 96.842, "loss": 0.03491924171149731}, "test": {"acc": 90.9, "loss": 0.14161185696721076}}, "50": {"train": {"acc": 96.89, "loss": 0.0341267766803503}, "test": {"acc": 90.18, "loss": 0.15933529168367386}}}