{"0": {"train": {"acc": 12.112, "loss": 0.9105790228843689}, "test": {"acc": 16.62, "loss": 0.896237907409668}}, "1": {"train": {"acc": 18.664, "loss": 0.8689209561347961}, "test": {"acc": 22.13, "loss": 0.8550506281852722}}, "2": {"train": {"acc": 22.39, "loss": 0.8354785814285278}, "test": {"acc": 24.54, "loss": 0.8253733062744141}}, "3": {"train": {"acc": 24.476, "loss": 0.8102140226364136}, "test": {"acc": 25.99, "loss": 0.8024083161354065}}, "4": {"train": {"acc": 26.566, "loss": 0.7900804810523987}, "test": {"acc": 27.43, "loss": 0.7877513957023621}}, "5": {"train": {"acc": 27.874, "loss": 0.7747673799991608}, "test": {"acc": 28.62, "loss": 0.7750422310829163}}, "6": {"train": {"acc": 29.05, "loss": 0.7618062689304351}, "test": {"acc": 29.85, "loss": 0.7633328092098236}}, "7": {"train": {"acc": 29.998, "loss": 0.7510355646610261}, "test": {"acc": 31.13, "loss": 0.7530563485622406}}, "8": {"train": {"acc": 31.014, "loss": 0.7418901076316834}, "test": {"acc": 32.2, "loss": 0.7426215291023255}}, "9": {"train": {"acc": 32.12, "loss": 0.7330479776859283}, "test": {"acc": 32.99, "loss": 0.7354221498966217}}, "10": {"train": {"acc": 32.8, "loss": 0.7249258773326874}, "test": {"acc": 33.94, "loss": 0.7251503324508667}}, "11": {"train": {"acc": 33.722, "loss": 0.7167578415870667}, "test": {"acc": 34.43, "loss": 0.7176224112510681}}, "12": {"train": {"acc": 34.134, "loss": 0.7109120588302612}, "test": {"acc": 35.28, "loss": 0.7096629667282105}}, "13": {"train": {"acc": 35.076, "loss": 0.7037353031635284}, "test": {"acc": 36.13, "loss": 0.7025399732589722}}, "14": {"train": {"acc": 35.6, "loss": 0.6980508134365082}, "test": {"acc": 36.74, "loss": 0.6962074303627014}}, "15": {"train": {"acc": 36.022, "loss": 0.6921778154373169}, "test": {"acc": 37.15, "loss": 0.6904921269416809}}, "16": {"train": {"acc": 36.506, "loss": 0.6872138092517853}, "test": {"acc": 37.46, "loss": 0.6849230194091797}}, "17": {"train": {"acc": 37.042, "loss": 0.6823126044273377}, "test": {"acc": 37.89, "loss": 0.677990825176239}}, "18": {"train": {"acc": 37.666, "loss": 0.6772941267490387}, "test": {"acc": 38.46, "loss": 0.6722150313854217}}, "19": {"train": {"acc": 38.08, "loss": 0.6721007187366486}, "test": {"acc": 38.72, "loss": 0.6693347275257111}}, "20": {"train": {"acc": 38.654, "loss": 0.6676512544155121}, "test": {"acc": 39.33, "loss": 0.6624476480484008}}, "21": {"train": {"acc": 38.892, "loss": 0.6628582375049591}, "test": {"acc": 39.7, "loss": 0.6584507668018341}}, "22": {"train": {"acc": 39.21, "loss": 0.659310943365097}, "test": {"acc": 39.85, "loss": 0.6551510202884674}}, "23": {"train": {"acc": 39.658, "loss": 0.6555957355499268}, "test": {"acc": 40.1, "loss": 0.6518062245845795}}, "24": {"train": {"acc": 39.788, "loss": 0.6523002748489379}, "test": {"acc": 40.86, "loss": 0.6461877918243408}}, "25": {"train": {"acc": 40.18, "loss": 0.6482727742195129}, "test": {"acc": 41.0, "loss": 0.6427727365493774}}, "26": {"train": {"acc": 40.43, "loss": 0.6445134949684143}, "test": {"acc": 41.5, "loss": 0.6387615036964417}}, "27": {"train": {"acc": 40.95, "loss": 0.6412480216026306}, "test": {"acc": 41.89, "loss": 0.6346928822994232}}, "28": {"train": {"acc": 41.098, "loss": 0.6378877239227295}, "test": {"acc": 42.14, "loss": 0.6314544689655304}}, "29": {"train": {"acc": 41.52, "loss": 0.6349596865177155}, "test": {"acc": 42.36, "loss": 0.6276818931102752}}, "30": {"train": {"acc": 41.614, "loss": 0.6318011929988862}, "test": {"acc": 42.85, "loss": 0.6237152183055877}}, "31": {"train": {"acc": 42.016, "loss": 0.6278020851612091}, "test": {"acc": 43.01, "loss": 0.6206022214889526}}, "32": {"train": {"acc": 42.254, "loss": 0.6256964881420135}, "test": {"acc": 43.55, "loss": 0.6175173711776734}}, "33": {"train": {"acc": 42.754, "loss": 0.6228673141002655}, "test": {"acc": 43.95, "loss": 0.6135258388519287}}, "34": {"train": {"acc": 42.922, "loss": 0.6200300872325897}, "test": {"acc": 43.91, "loss": 0.6124063944816589}}, "35": {"train": {"acc": 43.178, "loss": 0.6169155576229095}, "test": {"acc": 44.46, "loss": 0.6090883874893188}}, "36": {"train": {"acc": 43.202, "loss": 0.6157122368812561}, "test": {"acc": 44.57, "loss": 0.607499189376831}}, "37": {"train": {"acc": 43.846, "loss": 0.6118018548488617}, "test": {"acc": 45.25, "loss": 0.603436508178711}}, "38": {"train": {"acc": 43.602, "loss": 0.6104731769561768}, "test": {"acc": 45.28, "loss": 0.6007868373394012}}, "39": {"train": {"acc": 44.084, "loss": 0.6076718883514405}, "test": {"acc": 45.63, "loss": 0.5986444914340973}}, "40": {"train": {"acc": 44.08, "loss": 0.6059149537086487}, "test": {"acc": 45.82, "loss": 0.5966993832588195}}, "41": {"train": {"acc": 44.476, "loss": 0.6033512916564941}, "test": {"acc": 45.79, "loss": 0.5950284337997437}}, "42": {"train": {"acc": 44.834, "loss": 0.6006399075984955}, "test": {"acc": 45.89, "loss": 0.5920349037647248}}, "43": {"train": {"acc": 44.932, "loss": 0.5989049787521362}, "test": {"acc": 46.23, "loss": 0.5897879362106323}}, "44": {"train": {"acc": 44.938, "loss": 0.5978983476161956}, "test": {"acc": 46.42, "loss": 0.5877324056625366}}, "45": {"train": {"acc": 45.306, "loss": 0.5942610108852386}, "test": {"acc": 46.71, "loss": 0.5852718353271484}}, "46": {"train": {"acc": 45.6, "loss": 0.5931633622646332}, "test": {"acc": 46.76, "loss": 0.5831904947757721}}, "47": {"train": {"acc": 45.708, "loss": 0.5911860387325287}, "test": {"acc": 46.94, "loss": 0.5819256532192231}}, "48": {"train": {"acc": 45.772, "loss": 0.5901450455188751}, "test": {"acc": 47.17, "loss": 0.5801963257789612}}, "49": {"train": {"acc": 45.788, "loss": 0.5875533504486083}, "test": {"acc": 47.29, "loss": 0.5786786675453186}}, "50": {"train": {"acc": 46.146, "loss": 0.5866774592399597}, "test": {"acc": 47.44, "loss": 0.5767473948001861}}}