{"0": {"train": {"acc": 39.838, "loss": 1.2757704923152924}, "test": {"acc": 53.75, "loss": 1.0097474950551986}}, "1": {"train": {"acc": 58.218, "loss": 0.9017177872657776}, "test": {"acc": 62.8, "loss": 0.8138725656270981}}, "2": {"train": {"acc": 66.734, "loss": 0.7282947274446487}, "test": {"acc": 60.23, "loss": 0.9634422600269318}}, "3": {"train": {"acc": 72.068, "loss": 0.6169244359731674}, "test": {"acc": 67.89, "loss": 0.854811851978302}}, "4": {"train": {"acc": 76.232, "loss": 0.532683634519577}, "test": {"acc": 79.02, "loss": 0.4931170016527176}}, "5": {"train": {"acc": 79.036, "loss": 0.46775436425209044}, "test": {"acc": 80.43, "loss": 0.45581741750240323}}, "6": {"train": {"acc": 81.54, "loss": 0.4141542657017708}, "test": {"acc": 81.66, "loss": 0.4365082848072052}}, "7": {"train": {"acc": 83.522, "loss": 0.3754451951980591}, "test": {"acc": 76.14, "loss": 0.5935436683893204}}, "8": {"train": {"acc": 84.666, "loss": 0.34479123961925506}, "test": {"acc": 83.24, "loss": 0.4120353570580482}}, "9": {"train": {"acc": 85.86, "loss": 0.31873280212283134}, "test": {"acc": 86.16, "loss": 0.33782041162252424}}, "10": {"train": {"acc": 86.986, "loss": 0.29409228727221487}, "test": {"acc": 85.66, "loss": 0.36174081146717074}}, "11": {"train": {"acc": 87.72, "loss": 0.27484036406874657}, "test": {"acc": 85.42, "loss": 0.3551917241513729}}, "12": {"train": {"acc": 88.658, "loss": 0.2559749930202961}, "test": {"acc": 86.07, "loss": 0.3344238875806332}}, "13": {"train": {"acc": 89.16, "loss": 0.24020595192909241}, "test": {"acc": 84.09, "loss": 0.3923941138386726}}, "14": {"train": {"acc": 89.926, "loss": 0.22513264098763466}, "test": {"acc": 88.11, "loss": 0.2938587128371}}, "15": {"train": {"acc": 90.49, "loss": 0.21292025065422057}, "test": {"acc": 87.67, "loss": 0.30825173407793044}}, "16": {"train": {"acc": 90.846, "loss": 0.20219553454220296}, "test": {"acc": 87.85, "loss": 0.30507882699370387}}, "17": {"train": {"acc": 91.612, "loss": 0.1876728327125311}, "test": {"acc": 86.29, "loss": 0.36091860838234424}}, "18": {"train": {"acc": 91.918, "loss": 0.17967038062214852}, "test": {"acc": 88.6, "loss": 0.29099415089935066}}, "19": {"train": {"acc": 92.34, "loss": 0.17031989078223705}, "test": {"acc": 89.47, "loss": 0.27002519187517465}}, "20": {"train": {"acc": 92.688, "loss": 0.16158766327798366}, "test": {"acc": 89.11, "loss": 0.2808427402377129}}, "21": {"train": {"acc": 92.89, "loss": 0.1586420204639435}, "test": {"acc": 88.86, "loss": 0.3004344619810581}}, "22": {"train": {"acc": 93.432, "loss": 0.14521000926196576}, "test": {"acc": 89.53, "loss": 0.2917872633039951}}, "23": {"train": {"acc": 93.596, "loss": 0.14338164579123258}, "test": {"acc": 88.95, "loss": 0.30855740889906885}}, "24": {"train": {"acc": 94.068, "loss": 0.13355333621054888}, "test": {"acc": 89.78, "loss": 0.2853654180467129}}, "25": {"train": {"acc": 94.196, "loss": 0.1281600289568305}, "test": {"acc": 89.53, "loss": 0.2928728663176298}}, "26": {"train": {"acc": 94.494, "loss": 0.12280491928756238}, "test": {"acc": 89.72, "loss": 0.2919700337573886}}, "27": {"train": {"acc": 94.576, "loss": 0.11827664865553379}, "test": {"acc": 89.26, "loss": 0.31887690484523773}}, "28": {"train": {"acc": 95.068, "loss": 0.11038797201961278}, "test": {"acc": 89.45, "loss": 0.30211120277643205}}, "29": {"train": {"acc": 95.28, "loss": 0.10597708662599326}, "test": {"acc": 90.21, "loss": 0.28101953588426115}}, "30": {"train": {"acc": 95.022, "loss": 0.10986074793338775}, "test": {"acc": 90.02, "loss": 0.28729850573465227}}, "31": {"train": {"acc": 95.448, "loss": 0.10179889167100191}, "test": {"acc": 90.57, "loss": 0.2815707787498832}}, "32": {"train": {"acc": 95.662, "loss": 0.09530653985217213}, "test": {"acc": 89.24, "loss": 0.31385822653770445}}, "33": {"train": {"acc": 95.82, "loss": 0.09295039730891586}, "test": {"acc": 90.03, "loss": 0.30364183165133}}, "34": {"train": {"acc": 95.88, "loss": 0.09194024390727282}, "test": {"acc": 90.76, "loss": 0.27187940768897534}}, "35": {"train": {"acc": 96.084, "loss": 0.08702068391442298}, "test": {"acc": 90.77, "loss": 0.27855930469930174}}, "36": {"train": {"acc": 96.336, "loss": 0.08235435381904245}, "test": {"acc": 90.09, "loss": 0.32987816896289585}}, "37": {"train": {"acc": 96.364, "loss": 0.08084916123002768}, "test": {"acc": 90.23, "loss": 0.30173862606287005}}, "38": {"train": {"acc": 96.356, "loss": 0.08032146167755128}, "test": {"acc": 89.34, "loss": 0.34265485089272263}}, "39": {"train": {"acc": 96.442, "loss": 0.07798250626772642}, "test": {"acc": 90.73, "loss": 0.28722009621560574}}, "40": {"train": {"acc": 96.736, "loss": 0.07335630580410361}, "test": {"acc": 90.53, "loss": 0.3031053839251399}}, "41": {"train": {"acc": 96.746, "loss": 0.07140833539329469}, "test": {"acc": 90.35, "loss": 0.30755007445812227}}, "42": {"train": {"acc": 96.844, "loss": 0.07042944689095021}, "test": {"acc": 90.29, "loss": 0.33112509079277513}}, "43": {"train": {"acc": 96.86, "loss": 0.06918828086555004}, "test": {"acc": 90.58, "loss": 0.30290363311767576}}, "44": {"train": {"acc": 96.966, "loss": 0.0677104220315814}, "test": {"acc": 90.8, "loss": 0.3061074974387884}}, "45": {"train": {"acc": 97.122, "loss": 0.06435958312824369}, "test": {"acc": 90.99, "loss": 0.3061573349311948}}, "46": {"train": {"acc": 97.17, "loss": 0.06395680346339941}, "test": {"acc": 90.97, "loss": 0.3093606415390968}}, "47": {"train": {"acc": 97.326, "loss": 0.06110796701721847}, "test": {"acc": 89.69, "loss": 0.3500371130835265}}, "48": {"train": {"acc": 97.456, "loss": 0.05810601973719895}, "test": {"acc": 88.54, "loss": 0.43035451129078867}}, "49": {"train": {"acc": 97.324, "loss": 0.05937271579727531}, "test": {"acc": 90.8, "loss": 0.30619991429150106}}, "50": {"train": {"acc": 97.41, "loss": 0.05797439024597406}, "test": {"acc": 91.1, "loss": 0.3096549286786467}}}