{"0": {"train": {"acc": 48.758, "loss": 1.0940028097629546, "lr": 0.0003999999999999993}, "test": {"acc": 61.74, "loss": 0.8402453303337097}}, "1": {"train": {"acc": 65.266, "loss": 0.7684470002651215, "lr": 0.0004000000001169717}, "test": {"acc": 68.65, "loss": 0.7157105988264084}}, "2": {"train": {"acc": 71.792, "loss": 0.6259327125549317, "lr": 0.00040000000046789413}, "test": {"acc": 73.47, "loss": 0.6115032023191452}}, "3": {"train": {"acc": 75.808, "loss": 0.5441912707686424, "lr": 0.00040000000105276136}, "test": {"acc": 79.22, "loss": 0.48165818095207213}}, "4": {"train": {"acc": 78.43, "loss": 0.48540661150217057, "lr": 0.00040000000187157686}, "test": {"acc": 80.25, "loss": 0.4614118242263794}}, "5": {"train": {"acc": 80.386, "loss": 0.44190919291973113, "lr": 0.0004000000029243389}, "test": {"acc": 79.67, "loss": 0.4772429123520851}}, "6": {"train": {"acc": 82.052, "loss": 0.4033139309287071, "lr": 0.0004000000042110492}, "test": {"acc": 80.64, "loss": 0.47262481808662415}}, "7": {"train": {"acc": 83.1, "loss": 0.3780546660423279, "lr": 0.0004000000057317061}, "test": {"acc": 81.96, "loss": 0.43979643017053605}}, "8": {"train": {"acc": 84.27, "loss": 0.3553708567023277, "lr": 0.0004000000074863095}, "test": {"acc": 84.78, "loss": 0.360336971282959}}, "9": {"train": {"acc": 85.202, "loss": 0.3309918848276138, "lr": 0.0004000000094748612}, "test": {"acc": 85.08, "loss": 0.36064611077308656}}, "10": {"train": {"acc": 85.786, "loss": 0.31832637095451355, "lr": 0.0004000000116973594}, "test": {"acc": 85.19, "loss": 0.35089420780539515}}, "11": {"train": {"acc": 86.756, "loss": 0.2985547356903553, "lr": 0.0004000000141538059}, "test": {"acc": 86.47, "loss": 0.33287477687001227}}, "12": {"train": {"acc": 87.538, "loss": 0.2778045789003372, "lr": 0.00040000001684419896}, "test": {"acc": 85.63, "loss": 0.36960758700966834}}, "13": {"train": {"acc": 88.094, "loss": 0.2682799655497074, "lr": 0.00040000001976853855}, "test": {"acc": 85.7, "loss": 0.37244563579559326}}, "14": {"train": {"acc": 88.688, "loss": 0.2538862674832344, "lr": 0.0004000000229268264}, "test": {"acc": 86.54, "loss": 0.33387926645576954}}, "15": {"train": {"acc": 89.192, "loss": 0.2419959537088871, "lr": 0.00040000002631906083}, "test": {"acc": 86.61, "loss": 0.3405646300315857}}, "16": {"train": {"acc": 89.662, "loss": 0.23118845450878142, "lr": 0.0004000000299452435}, "test": {"acc": 88.12, "loss": 0.2944894282519817}}, "17": {"train": {"acc": 90.122, "loss": 0.21983812829852103, "lr": 0.000400000033805371}, "test": {"acc": 87.45, "loss": 0.3144800831377506}}, "18": {"train": {"acc": 90.502, "loss": 0.2116525402665138, "lr": 0.0004000000378994485}, "test": {"acc": 87.61, "loss": 0.3150124426931143}}, "19": {"train": {"acc": 90.926, "loss": 0.2030823503434658, "lr": 0.00040000004222747257}, "test": {"acc": 86.55, "loss": 0.3472530265152454}}, "20": {"train": {"acc": 91.276, "loss": 0.19386641170084476, "lr": 0.00040000004678944316}, "test": {"acc": 88.73, "loss": 0.2952722837030888}}, "21": {"train": {"acc": 91.528, "loss": 0.18946110755205153, "lr": 0.00040000005158536203}, "test": {"acc": 87.96, "loss": 0.3062201823294163}}, "22": {"train": {"acc": 91.84, "loss": 0.18087497019767762, "lr": 0.0004000000566152257}, "test": {"acc": 88.71, "loss": 0.2899338276684284}}, "23": {"train": {"acc": 92.14, "loss": 0.17391316275298596, "lr": 0.0004000000618790394}, "test": {"acc": 88.4, "loss": 0.31372222423553464}}, "24": {"train": {"acc": 92.562, "loss": 0.16445602031052112, "lr": 0.0004000000673767979}, "test": {"acc": 89.3, "loss": 0.2796251420676708}}, "25": {"train": {"acc": 92.918, "loss": 0.15576331098377705, "lr": 0.0004000000731085047}, "test": {"acc": 88.29, "loss": 0.33086388036608694}}, "26": {"train": {"acc": 92.872, "loss": 0.15723648028075696, "lr": 0.000400000079074158}, "test": {"acc": 89.83, "loss": 0.2732060286402702}}, "27": {"train": {"acc": 93.306, "loss": 0.14692530418932437, "lr": 0.0004000000852737613}, "test": {"acc": 89.61, "loss": 0.29452295854687693}}, "28": {"train": {"acc": 93.696, "loss": 0.13927200618386268, "lr": 0.00040000009170730946}, "test": {"acc": 89.61, "loss": 0.27844002828001974}}, "29": {"train": {"acc": 93.892, "loss": 0.1338427338153124, "lr": 0.00040000009837480414}, "test": {"acc": 90.54, "loss": 0.2641506067663431}}, "30": {"train": {"acc": 93.974, "loss": 0.13411660557985305, "lr": 0.0004000001052762471}, "test": {"acc": 89.46, "loss": 0.29018851287662983}}}