{"0": {"train": {"acc": 22.842, "loss": 0.8998343820571899}, "test": {"acc": 28.14, "loss": 0.7657269144058227}}, "1": {"train": {"acc": 38.26, "loss": 0.6399916851520538}, "test": {"acc": 44.47, "loss": 0.6056734526157379}}, "2": {"train": {"acc": 50.296, "loss": 0.5340574104785919}, "test": {"acc": 44.25, "loss": 0.706258704662323}}, "3": {"train": {"acc": 57.632, "loss": 0.46272571432590487}, "test": {"acc": 59.61, "loss": 0.47697381854057314}}, "4": {"train": {"acc": 63.398, "loss": 0.404826478600502}, "test": {"acc": 67.86, "loss": 0.3712295925617218}}, "5": {"train": {"acc": 67.378, "loss": 0.3617172238826752}, "test": {"acc": 67.74, "loss": 0.36458200454711914}}, "6": {"train": {"acc": 70.988, "loss": 0.32441483676433563}, "test": {"acc": 66.34, "loss": 0.40044634699821474}}, "7": {"train": {"acc": 73.714, "loss": 0.2938293335437775}, "test": {"acc": 73.98, "loss": 0.3064111751317978}}, "8": {"train": {"acc": 76.462, "loss": 0.2648062787055969}, "test": {"acc": 73.6, "loss": 0.3222138440608978}}, "9": {"train": {"acc": 78.218, "loss": 0.24674318701028825}, "test": {"acc": 78.94, "loss": 0.24545806467533113}}, "10": {"train": {"acc": 79.558, "loss": 0.2318594006896019}, "test": {"acc": 81.0, "loss": 0.22835538506507874}}, "11": {"train": {"acc": 80.864, "loss": 0.2149961113333702}, "test": {"acc": 79.54, "loss": 0.2592422717809677}}, "12": {"train": {"acc": 81.976, "loss": 0.20233502912521362}, "test": {"acc": 78.25, "loss": 0.26996751308441164}}, "13": {"train": {"acc": 82.978, "loss": 0.19237405866384505}, "test": {"acc": 76.65, "loss": 0.31250491738319397}}, "14": {"train": {"acc": 83.872, "loss": 0.18259306687116622}, "test": {"acc": 83.88, "loss": 0.19515205770730973}}, "15": {"train": {"acc": 84.812, "loss": 0.1723908560872078}, "test": {"acc": 83.37, "loss": 0.2084562984108925}}, "16": {"train": {"acc": 85.128, "loss": 0.16851794755458832}, "test": {"acc": 81.29, "loss": 0.2422221052646637}}, "17": {"train": {"acc": 85.92, "loss": 0.16057150176167487}, "test": {"acc": 80.62, "loss": 0.24902263432741165}}, "18": {"train": {"acc": 86.964, "loss": 0.14934633561968805}, "test": {"acc": 83.27, "loss": 0.21049886494874953}}, "19": {"train": {"acc": 87.012, "loss": 0.14679202863574028}, "test": {"acc": 86.89, "loss": 0.16985512226819993}}, "20": {"train": {"acc": 87.568, "loss": 0.14011901241540908}, "test": {"acc": 85.92, "loss": 0.16872012436389924}}, "21": {"train": {"acc": 87.972, "loss": 0.1336590305864811}, "test": {"acc": 85.87, "loss": 0.16988585829734804}}, "22": {"train": {"acc": 88.636, "loss": 0.13017226231098175}, "test": {"acc": 85.45, "loss": 0.18293579921126366}}, "23": {"train": {"acc": 88.892, "loss": 0.12501319617033005}, "test": {"acc": 83.05, "loss": 0.24218701273202897}}, "24": {"train": {"acc": 89.392, "loss": 0.11988418361544609}, "test": {"acc": 87.86, "loss": 0.15239904060959816}}, "25": {"train": {"acc": 89.696, "loss": 0.1161306671500206}, "test": {"acc": 86.91, "loss": 0.1656137415766716}}, "26": {"train": {"acc": 90.076, "loss": 0.11262504547834397}, "test": {"acc": 87.25, "loss": 0.16401739597320555}}, "27": {"train": {"acc": 90.322, "loss": 0.10912869846820832}, "test": {"acc": 84.44, "loss": 0.2192382660508156}}, "28": {"train": {"acc": 90.62, "loss": 0.10626736718416215}, "test": {"acc": 82.41, "loss": 0.24597280502319335}}, "29": {"train": {"acc": 90.71, "loss": 0.10486193946003913}, "test": {"acc": 88.43, "loss": 0.15355800747871398}}, "30": {"train": {"acc": 91.34, "loss": 0.099216886729002}, "test": {"acc": 86.72, "loss": 0.18711059540510178}}, "31": {"train": {"acc": 91.32, "loss": 0.09759734618663787}, "test": {"acc": 86.81, "loss": 0.17161898374557494}}, "32": {"train": {"acc": 91.606, "loss": 0.09463819044828414}, "test": {"acc": 85.2, "loss": 0.20459511190652846}}, "33": {"train": {"acc": 91.91, "loss": 0.09074055191874504}, "test": {"acc": 86.59, "loss": 0.18587586492300034}}, "34": {"train": {"acc": 92.098, "loss": 0.08854824478924274}, "test": {"acc": 89.08, "loss": 0.15071559846401214}}, "35": {"train": {"acc": 92.25, "loss": 0.08680372960865497}, "test": {"acc": 88.91, "loss": 0.14968180820345878}}, "36": {"train": {"acc": 92.48, "loss": 0.08486749352514744}, "test": {"acc": 88.5, "loss": 0.1625870555639267}}, "37": {"train": {"acc": 92.69, "loss": 0.08205353543162346}, "test": {"acc": 86.4, "loss": 0.209236564040184}}, "38": {"train": {"acc": 92.796, "loss": 0.08043112333118915}, "test": {"acc": 87.26, "loss": 0.19297862321138382}}, "39": {"train": {"acc": 93.254, "loss": 0.07630338734388352}, "test": {"acc": 89.39, "loss": 0.14761968344449997}}, "40": {"train": {"acc": 93.318, "loss": 0.07468435968458652}, "test": {"acc": 88.84, "loss": 0.15856391161680222}}, "41": {"train": {"acc": 93.428, "loss": 0.0740248703211546}, "test": {"acc": 89.41, "loss": 0.1542789286375046}}, "42": {"train": {"acc": 93.744, "loss": 0.06965748709440231}, "test": {"acc": 88.1, "loss": 0.18406351566314696}}, "43": {"train": {"acc": 93.944, "loss": 0.06704443526268006}, "test": {"acc": 88.75, "loss": 0.170130814909935}}, "44": {"train": {"acc": 93.892, "loss": 0.06730441157519818}, "test": {"acc": 89.94, "loss": 0.14895342022180558}}, "45": {"train": {"acc": 94.216, "loss": 0.06477991926670075}, "test": {"acc": 89.54, "loss": 0.15397358939051628}}, "46": {"train": {"acc": 94.266, "loss": 0.06531169717013836}, "test": {"acc": 89.2, "loss": 0.16264193892478943}}, "47": {"train": {"acc": 94.488, "loss": 0.06181054274737835}, "test": {"acc": 88.5, "loss": 0.17698159605264663}}, "48": {"train": {"acc": 94.406, "loss": 0.06272586269676686}, "test": {"acc": 86.19, "loss": 0.22598474636673926}}, "49": {"train": {"acc": 94.572, "loss": 0.06071843022108078}, "test": {"acc": 90.1, "loss": 0.1466575989127159}}, "50": {"train": {"acc": 94.868, "loss": 0.05733044570684433}, "test": {"acc": 89.37, "loss": 0.1601366053521633}}}