{"0": {"train": {"acc": 36.584, "loss": 0.6705460360050202}, "test": {"acc": 45.49, "loss": 0.6081002962589264}}, "1": {"train": {"acc": 55.98, "loss": 0.47597649228572847}, "test": {"acc": 58.58, "loss": 0.4724786448478699}}, "2": {"train": {"acc": 64.84, "loss": 0.383949325799942}, "test": {"acc": 57.7, "loss": 0.4944575023651123}}, "3": {"train": {"acc": 70.222, "loss": 0.3273909814357758}, "test": {"acc": 67.09, "loss": 0.4000897204875946}}, "4": {"train": {"acc": 74.294, "loss": 0.2858342212438583}, "test": {"acc": 77.33, "loss": 0.2611765280365944}}, "5": {"train": {"acc": 77.824, "loss": 0.24807581037282944}, "test": {"acc": 74.62, "loss": 0.29974507689476015}}, "6": {"train": {"acc": 80.084, "loss": 0.22500441694259643}, "test": {"acc": 78.33, "loss": 0.2543268942832947}}, "7": {"train": {"acc": 81.796, "loss": 0.20402726888656617}, "test": {"acc": 78.91, "loss": 0.27252091467380524}}, "8": {"train": {"acc": 83.512, "loss": 0.18426010352373123}, "test": {"acc": 75.93, "loss": 0.30403364658355714}}, "9": {"train": {"acc": 84.574, "loss": 0.17224172526597978}, "test": {"acc": 83.47, "loss": 0.1957060503959656}}, "10": {"train": {"acc": 85.856, "loss": 0.15842326059937478}, "test": {"acc": 85.07, "loss": 0.18980526506900788}}, "11": {"train": {"acc": 86.82, "loss": 0.14843065536022187}, "test": {"acc": 83.57, "loss": 0.19304614633321762}}, "12": {"train": {"acc": 87.674, "loss": 0.13788352406024934}, "test": {"acc": 81.43, "loss": 0.2233620849251747}}, "13": {"train": {"acc": 88.472, "loss": 0.12810353037714958}, "test": {"acc": 77.49, "loss": 0.35236997723579405}}, "14": {"train": {"acc": 88.976, "loss": 0.12403346219658852}, "test": {"acc": 87.95, "loss": 0.1457287709414959}}, "15": {"train": {"acc": 89.718, "loss": 0.11494083681702613}, "test": {"acc": 85.86, "loss": 0.174746832549572}}, "16": {"train": {"acc": 90.436, "loss": 0.10799854215979576}, "test": {"acc": 88.79, "loss": 0.13988077379763125}}, "17": {"train": {"acc": 90.784, "loss": 0.10374913799762726}, "test": {"acc": 87.88, "loss": 0.14974661111831666}}, "18": {"train": {"acc": 91.248, "loss": 0.09665249824523926}, "test": {"acc": 87.31, "loss": 0.16286927342414856}}, "19": {"train": {"acc": 91.776, "loss": 0.09139379361271859}, "test": {"acc": 89.41, "loss": 0.13483378365635873}}, "20": {"train": {"acc": 92.136, "loss": 0.08731729680299759}, "test": {"acc": 89.26, "loss": 0.13875322341918944}}, "21": {"train": {"acc": 92.53, "loss": 0.08384695219993592}, "test": {"acc": 87.3, "loss": 0.1715828973054886}}, "22": {"train": {"acc": 92.904, "loss": 0.07765361706912517}, "test": {"acc": 87.81, "loss": 0.1723875370621681}}, "23": {"train": {"acc": 93.332, "loss": 0.07331822720170021}, "test": {"acc": 85.86, "loss": 0.21230823129415513}}, "24": {"train": {"acc": 93.48, "loss": 0.07183732107281685}, "test": {"acc": 90.08, "loss": 0.1306891393661499}}, "25": {"train": {"acc": 93.766, "loss": 0.0692193942964077}, "test": {"acc": 89.86, "loss": 0.1403334181010723}}, "26": {"train": {"acc": 94.202, "loss": 0.06424516843259334}, "test": {"acc": 89.3, "loss": 0.1530891877412796}}, "27": {"train": {"acc": 94.322, "loss": 0.06215661449730396}, "test": {"acc": 88.37, "loss": 0.1623540200293064}}, "28": {"train": {"acc": 94.912, "loss": 0.05657413421571255}, "test": {"acc": 88.55, "loss": 0.16678936660289764}}, "29": {"train": {"acc": 94.866, "loss": 0.05679485823214054}, "test": {"acc": 90.26, "loss": 0.13744187772274016}}, "30": {"train": {"acc": 94.916, "loss": 0.055628584176301954}, "test": {"acc": 90.41, "loss": 0.13983986631035805}}, "31": {"train": {"acc": 95.258, "loss": 0.05267638999223709}, "test": {"acc": 90.39, "loss": 0.14190216690301896}}, "32": {"train": {"acc": 95.444, "loss": 0.0511310967206955}, "test": {"acc": 89.7, "loss": 0.15282956704497339}}, "33": {"train": {"acc": 95.728, "loss": 0.046886373408138754}, "test": {"acc": 88.67, "loss": 0.17816473484039308}}, "34": {"train": {"acc": 95.624, "loss": 0.04705767562240362}, "test": {"acc": 90.69, "loss": 0.1466269639134407}}, "35": {"train": {"acc": 96.018, "loss": 0.04425919733941555}, "test": {"acc": 91.14, "loss": 0.13697076067328454}}, "36": {"train": {"acc": 96.298, "loss": 0.04177883307635784}, "test": {"acc": 90.1, "loss": 0.16041119545698165}}, "37": {"train": {"acc": 96.254, "loss": 0.04153860823810101}, "test": {"acc": 89.7, "loss": 0.17358309715986253}}, "38": {"train": {"acc": 96.424, "loss": 0.03917232035845518}, "test": {"acc": 88.98, "loss": 0.187824809551239}}, "39": {"train": {"acc": 96.392, "loss": 0.03942355894297361}, "test": {"acc": 90.95, "loss": 0.14362549647688866}}, "40": {"train": {"acc": 96.56, "loss": 0.03790671707689762}, "test": {"acc": 90.17, "loss": 0.14742354542016983}}, "41": {"train": {"acc": 96.794, "loss": 0.034959957413375375}, "test": {"acc": 90.57, "loss": 0.15346709921956062}}, "42": {"train": {"acc": 96.996, "loss": 0.03405392515659332}, "test": {"acc": 89.54, "loss": 0.1787274134159088}}, "43": {"train": {"acc": 97.118, "loss": 0.03239780432730913}, "test": {"acc": 89.06, "loss": 0.20771128833293914}}, "44": {"train": {"acc": 97.2, "loss": 0.03111783053353429}, "test": {"acc": 91.49, "loss": 0.1431419688463211}}, "45": {"train": {"acc": 97.252, "loss": 0.030299658097326754}, "test": {"acc": 90.76, "loss": 0.16764499202370645}}, "46": {"train": {"acc": 97.35, "loss": 0.03037972303852439}, "test": {"acc": 90.75, "loss": 0.15675632879137993}}, "47": {"train": {"acc": 97.29, "loss": 0.029462170545011757}, "test": {"acc": 89.23, "loss": 0.1935934990644455}}, "48": {"train": {"acc": 97.27, "loss": 0.03037994810193777}, "test": {"acc": 90.13, "loss": 0.17976371228694915}}, "49": {"train": {"acc": 97.484, "loss": 0.028908966042101383}, "test": {"acc": 91.15, "loss": 0.15588972687721253}}, "50": {"train": {"acc": 97.65, "loss": 0.026689804803580047}, "test": {"acc": 91.19, "loss": 0.1560281565785408}}}