{"0": {"train": {"acc": 44.988, "loss": 0.2929540946483612, "lr": 0.0003999999999999993}, "test": {"acc": 51.27, "loss": 0.2877321708202362}}, "1": {"train": {"acc": 60.242, "loss": 0.21611211395263671, "lr": 0.0004000000001169717}, "test": {"acc": 62.97, "loss": 0.21001873672008514}}, "2": {"train": {"acc": 67.488, "loss": 0.17891909170150758, "lr": 0.00040000000046789413}, "test": {"acc": 68.88, "loss": 0.1771838176250458}}, "3": {"train": {"acc": 71.714, "loss": 0.1557111314535141, "lr": 0.00040000000105276136}, "test": {"acc": 71.49, "loss": 0.16459848701953889}}, "4": {"train": {"acc": 74.862, "loss": 0.13938359475135803, "lr": 0.00040000000187157686}, "test": {"acc": 75.42, "loss": 0.14682943880558014}}, "5": {"train": {"acc": 77.378, "loss": 0.1260917271375656, "lr": 0.0004000000029243389}, "test": {"acc": 76.53, "loss": 0.1421639186143875}}, "6": {"train": {"acc": 79.086, "loss": 0.11698730939626693, "lr": 0.0004000000042110492}, "test": {"acc": 76.14, "loss": 0.14151234209537505}}, "7": {"train": {"acc": 80.536, "loss": 0.10879306507110596, "lr": 0.0004000000057317061}, "test": {"acc": 77.3, "loss": 0.13686106026172637}}, "8": {"train": {"acc": 82.066, "loss": 0.10083134907484055, "lr": 0.0004000000074863095}, "test": {"acc": 78.46, "loss": 0.13323431432247163}}, "9": {"train": {"acc": 82.924, "loss": 0.09604701924324036, "lr": 0.0004000000094748612}, "test": {"acc": 78.38, "loss": 0.13406738877296448}}, "10": {"train": {"acc": 83.724, "loss": 0.0918422474861145, "lr": 0.0004000000116973594}, "test": {"acc": 79.62, "loss": 0.12104993343353271}}, "11": {"train": {"acc": 84.67, "loss": 0.08680831861495972, "lr": 0.0004000000141538059}, "test": {"acc": 83.36, "loss": 0.10013052523136139}}, "12": {"train": {"acc": 85.476, "loss": 0.08198096048831939, "lr": 0.00040000001684419896}, "test": {"acc": 80.77, "loss": 0.11741949856281281}}, "13": {"train": {"acc": 86.052, "loss": 0.07760361164808273, "lr": 0.00040000001976853855}, "test": {"acc": 84.45, "loss": 0.09536943286657333}}, "14": {"train": {"acc": 86.804, "loss": 0.07459254366159439, "lr": 0.0004000000229268264}, "test": {"acc": 83.84, "loss": 0.10178987860679627}}, "15": {"train": {"acc": 87.506, "loss": 0.07065611332654953, "lr": 0.00040000002631906083}, "test": {"acc": 85.3, "loss": 0.08883337885141372}}, "16": {"train": {"acc": 87.568, "loss": 0.06925302937626839, "lr": 0.0004000000299452435}, "test": {"acc": 83.08, "loss": 0.10784459561109543}}, "17": {"train": {"acc": 88.382, "loss": 0.06541235503554345, "lr": 0.000400000033805371}, "test": {"acc": 84.13, "loss": 0.10115476578474045}}, "18": {"train": {"acc": 88.932, "loss": 0.0618764845430851, "lr": 0.0004000000378994485}, "test": {"acc": 86.05, "loss": 0.08720394402742386}}, "19": {"train": {"acc": 88.968, "loss": 0.06180151945352554, "lr": 0.00040000004222747257}, "test": {"acc": 86.76, "loss": 0.08180292636156082}}, "20": {"train": {"acc": 89.65, "loss": 0.05808216124773025, "lr": 0.00040000004678944316}, "test": {"acc": 86.11, "loss": 0.08708471924066544}}, "21": {"train": {"acc": 90.206, "loss": 0.054885520190000536, "lr": 0.00040000005158536203}, "test": {"acc": 86.91, "loss": 0.08280420452356338}}, "22": {"train": {"acc": 90.296, "loss": 0.05443308106064797, "lr": 0.0004000000566152257}, "test": {"acc": 85.03, "loss": 0.09806975036859512}}, "23": {"train": {"acc": 90.626, "loss": 0.05266941338777542, "lr": 0.0004000000618790394}, "test": {"acc": 86.92, "loss": 0.0815659785270691}}, "24": {"train": {"acc": 90.834, "loss": 0.05076245778799057, "lr": 0.0004000000673767979}, "test": {"acc": 87.43, "loss": 0.08350685954093934}}, "25": {"train": {"acc": 91.45, "loss": 0.047822489738464355, "lr": 0.0004000000731085047}, "test": {"acc": 86.55, "loss": 0.08863289326429367}}, "26": {"train": {"acc": 91.564, "loss": 0.04647126066684723, "lr": 0.000400000079074158}, "test": {"acc": 82.94, "loss": 0.11599454015493393}}, "27": {"train": {"acc": 91.918, "loss": 0.04500422915816307, "lr": 0.0004000000852737613}, "test": {"acc": 85.07, "loss": 0.10062015861272812}}, "28": {"train": {"acc": 92.222, "loss": 0.043397502303123475, "lr": 0.00040000009170730946}, "test": {"acc": 87.87, "loss": 0.08051973760128021}}, "29": {"train": {"acc": 92.48, "loss": 0.04123626032471657, "lr": 0.00040000009837480414}, "test": {"acc": 86.53, "loss": 0.08820311635732651}}, "30": {"train": {"acc": 92.648, "loss": 0.040522001832723614, "lr": 0.0004000001052762471}, "test": {"acc": 87.25, "loss": 0.08901370078325271}}}